{"assets/fonts/Poppins/Poppins-Italic.ttf":["assets/fonts/Poppins/Poppins-Italic.ttf"],"assets/fonts/Poppins/Poppins-Regular.ttf":["assets/fonts/Poppins/Poppins-Regular.ttf"],"assets/images/Forgot%20password.png":["assets/images/Forgot%20password.png"],"assets/images/Group%207.png":["assets/images/Group%207.png"],"assets/images/Group.png":["assets/images/Group.png"],"assets/images/Group.svg":["assets/images/Group.svg"],"assets/images/Logo.jpg":["assets/images/Logo.jpg"],"assets/images/Logo1.png":["assets/images/Logo1.png"],"assets/images/OTP.jpeg":["assets/images/OTP.jpeg"],"assets/images/Phone.gif":["assets/images/Phone.gif"],"assets/images/Vector%20(1).svg":["assets/images/Vector%20(1).svg"],"assets/images/Vector.svg":["assets/images/Vector.svg"],"assets/images/amico.png":["assets/images/amico.png"],"assets/images/booked.png":["assets/images/booked.png"],"assets/images/complaint%20done.png":["assets/images/complaint%20done.png"],"assets/images/complaints.png":["assets/images/complaints.png"],"assets/images/done.png":["assets/images/done.png"],"assets/images/icon.png":["assets/images/icon.png"],"assets/images/iconoir_home-simple-door.svg":["assets/images/iconoir_home-simple-door.svg"],"assets/images/lock.svg":["assets/images/lock.svg"],"assets/images/logout.png":["assets/images/logout.png"],"assets/images/otp.gif":["assets/images/otp.gif"],"assets/images/otp.png":["assets/images/otp.png"],"assets/images/otpverify.png":["assets/images/otpverify.png"],"assets/images/person.svg":["assets/images/person.svg"],"assets/images/profile.png":["assets/images/profile.png"],"assets/images/rain.gif":["assets/images/rain.gif"],"assets/images/solar_phone-linear.svg":["assets/images/solar_phone-linear.svg"],"assets/json/rain.json":["assets/json/rain.json"],"packages/cupertino_icons/assets/CupertinoIcons.ttf":["packages/cupertino_icons/assets/CupertinoIcons.ttf"],"packages/fluttertoast/assets/toastify.css":["packages/fluttertoast/assets/toastify.css"],"packages/fluttertoast/assets/toastify.js":["packages/fluttertoast/assets/toastify.js"]}